[{"model": "admin.logentry", "pk": 1, "fields": {"action_time": "2024-05-29T14:46:19.153Z", "user": 1, "content_type": 9, "object_id": "1", "object_repr": "Herramientas", "action_flag": 1, "change_message": "[{\"added\": {}}]"}}, {"model": "admin.logentry", "pk": 2, "fields": {"action_time": "2024-05-29T14:46:28.108Z", "user": 1, "content_type": 9, "object_id": "2", "object_repr": "Herramientas -> Herramientas Manuales", "action_flag": 1, "change_message": "[{\"added\": {}}]"}}, {"model": "admin.logentry", "pk": 3, "fields": {"action_time": "2024-05-29T14:46:39.984Z", "user": 1, "content_type": 9, "object_id": "3", "object_repr": "Herramientas -> Herramientas Eléctricas", "action_flag": 1, "change_message": "[{\"added\": {}}]"}}, {"model": "admin.logentry", "pk": 4, "fields": {"action_time": "2024-05-29T14:47:06.607Z", "user": 1, "content_type": 9, "object_id": "4", "object_repr": "Herramientas Manuales -> Martillos", "action_flag": 1, "change_message": "[{\"added\": {}}]"}}, {"model": "admin.logentry", "pk": 5, "fields": {"action_time": "2024-05-29T14:48:31.320Z", "user": 1, "content_type": 9, "object_id": "5", "object_repr": "Herramientas Manuales -> Desatornilladores", "action_flag": 1, "change_message": "[{\"added\": {}}]"}}, {"model": "admin.logentry", "pk": 6, "fields": {"action_time": "2024-05-29T14:48:43.775Z", "user": 1, "content_type": 9, "object_id": "6", "object_repr": "Herramientas Manuales -> Llaves", "action_flag": 1, "change_message": "[{\"added\": {}}]"}}, {"model": "admin.logentry", "pk": 7, "fields": {"action_time": "2024-05-29T14:48:50.812Z", "user": 1, "content_type": 9, "object_id": "7", "object_repr": "Herramientas Eléctricas -> Taladros", "action_flag": 1, "change_message": "[{\"added\": {}}]"}}, {"model": "admin.logentry", "pk": 8, "fields": {"action_time": "2024-05-29T14:48:56.722Z", "user": 1, "content_type": 9, "object_id": "8", "object_repr": "Herramientas Eléctricas -> Sierras", "action_flag": 1, "change_message": "[{\"added\": {}}]"}}, {"model": "admin.logentry", "pk": 9, "fields": {"action_time": "2024-05-29T14:49:07.377Z", "user": 1, "content_type": 9, "object_id": "9", "object_repr": "Herramientas Eléctricas -> Lijadoras", "action_flag": 1, "change_message": "[{\"added\": {}}]"}}, {"model": "admin.logentry", "pk": 10, "fields": {"action_time": "2024-05-29T14:49:19.264Z", "user": 1, "content_type": 9, "object_id": "10", "object_repr": "Materiales de Construcción", "action_flag": 1, "change_message": "[{\"added\": {}}]"}}, {"model": "admin.logentry", "pk": 11, "fields": {"action_time": "2024-05-29T14:49:29.309Z", "user": 1, "content_type": 9, "object_id": "11", "object_repr": "Materiales de Construcción -> Materiales Básicos", "action_flag": 1, "change_message": "[{\"added\": {}}]"}}, {"model": "admin.logentry", "pk": 12, "fields": {"action_time": "2024-05-29T14:49:41.332Z", "user": 1, "content_type": 9, "object_id": "12", "object_repr": "Materiales Básicos -> Cemento", "action_flag": 1, "change_message": "[{\"added\": {}}]"}}, {"model": "admin.logentry", "pk": 13, "fields": {"action_time": "2024-05-29T14:49:52.490Z", "user": 1, "content_type": 9, "object_id": "13", "object_repr": "Materiales Básicos -> Arena", "action_flag": 1, "change_message": "[{\"added\": {}}]"}}, {"model": "admin.logentry", "pk": 14, "fields": {"action_time": "2024-05-29T14:50:07.111Z", "user": 1, "content_type": 9, "object_id": "14", "object_repr": "Materiales Básicos -> Ladrillos", "action_flag": 1, "change_message": "[{\"added\": {}}]"}}, {"model": "admin.logentry", "pk": 15, "fields": {"action_time": "2024-05-29T14:50:33.095Z", "user": 1, "content_type": 9, "object_id": "15", "object_repr": "Materiales de Construcción -> Acabados", "action_flag": 1, "change_message": "[{\"added\": {}}]"}}, {"model": "admin.logentry", "pk": 16, "fields": {"action_time": "2024-05-29T14:50:45.687Z", "user": 1, "content_type": 9, "object_id": "16", "object_repr": "Acabados -> Pinturas", "action_flag": 1, "change_message": "[{\"added\": {}}]"}}, {"model": "admin.logentry", "pk": 17, "fields": {"action_time": "2024-05-29T14:50:52.818Z", "user": 1, "content_type": 9, "object_id": "17", "object_repr": "Acabados -> Barnices", "action_flag": 1, "change_message": "[{\"added\": {}}]"}}, {"model": "admin.logentry", "pk": 18, "fields": {"action_time": "2024-05-29T14:51:07.066Z", "user": 1, "content_type": 9, "object_id": "18", "object_repr": "Acabados -> Cerámicos", "action_flag": 1, "change_message": "[{\"added\": {}}]"}}, {"model": "admin.logentry", "pk": 19, "fields": {"action_time": "2024-05-29T14:51:25.433Z", "user": 1, "content_type": 9, "object_id": "19", "object_repr": "Equipo de Seguridad", "action_flag": 1, "change_message": "[{\"added\": {}}]"}}, {"model": "admin.logentry", "pk": 20, "fields": {"action_time": "2024-05-29T14:51:38.328Z", "user": 1, "content_type": 9, "object_id": "20", "object_repr": "Equipo de Seguridad -> Cascos", "action_flag": 1, "change_message": "[{\"added\": {}}]"}}, {"model": "admin.logentry", "pk": 21, "fields": {"action_time": "2024-05-29T14:51:43.630Z", "user": 1, "content_type": 9, "object_id": "21", "object_repr": "Equipo de Seguridad -> Guantes", "action_flag": 1, "change_message": "[{\"added\": {}}]"}}, {"model": "admin.logentry", "pk": 22, "fields": {"action_time": "2024-05-29T14:51:52.661Z", "user": 1, "content_type": 9, "object_id": "22", "object_repr": "Equipo de Seguridad -> Lentes de Seguridad", "action_flag": 1, "change_message": "[{\"added\": {}}]"}}, {"model": "admin.logentry", "pk": 23, "fields": {"action_time": "2024-05-29T14:51:59.675Z", "user": 1, "content_type": 9, "object_id": "23", "object_repr": "Accesorios Varios", "action_flag": 1, "change_message": "[{\"added\": {}}]"}}, {"model": "admin.logentry", "pk": 24, "fields": {"action_time": "2024-05-29T14:52:08.071Z", "user": 1, "content_type": 9, "object_id": "24", "object_repr": "Accesorios Varios -> Tornillos y Anclajes", "action_flag": 1, "change_message": "[{\"added\": {}}]"}}, {"model": "admin.logentry", "pk": 25, "fields": {"action_time": "2024-05-29T14:52:15.029Z", "user": 1, "content_type": 9, "object_id": "25", "object_repr": "Accesorios Varios -> Fijaciones y Adhesivos", "action_flag": 1, "change_message": "[{\"added\": {}}]"}}, {"model": "admin.logentry", "pk": 26, "fields": {"action_time": "2024-05-29T14:52:24.715Z", "user": 1, "content_type": 9, "object_id": "26", "object_repr": "Accesorios Varios -> Equipos de Medición", "action_flag": 1, "change_message": "[{\"added\": {}}]"}}, {"model": "admin.logentry", "pk": 27, "fields": {"action_time": "2024-05-29T14:53:06.734Z", "user": 1, "content_type": 10, "object_id": "1", "object_repr": "Producto: Martillo Standley", "action_flag": 1, "change_message": "[{\"added\": {}}]"}}, {"model": "admin.logentry", "pk": 28, "fields": {"action_time": "2024-05-29T14:53:42.591Z", "user": 1, "content_type": 10, "object_id": "2", "object_repr": "Producto: Huincha 5 Metros - 4M", "action_flag": 1, "change_message": "[{\"added\": {}}]"}}, {"model": "admin.logentry", "pk": 29, "fields": {"action_time": "2024-05-29T14:54:24.680Z", "user": 1, "content_type": 10, "object_id": "3", "object_repr": "Producto: Pintura Pentone Rojo", "action_flag": 1, "change_message": "[{\"added\": {}}]"}}, {"model": "admin.logentry", "pk": 30, "fields": {"action_time": "2024-05-29T14:54:57.047Z", "user": 1, "content_type": 10, "object_id": "4", "object_repr": "Producto: Pintura Pentone Verde", "action_flag": 1, "change_message": "[{\"added\": {}}]"}}, {"model": "admin.logentry", "pk": 31, "fields": {"action_time": "2024-05-29T14:55:18.120Z", "user": 1, "content_type": 10, "object_id": "5", "object_repr": "Producto: Pintura Pentone Azúl", "action_flag": 1, "change_message": "[{\"added\": {}}]"}}, {"model": "admin.logentry", "pk": 32, "fields": {"action_time": "2024-05-29T14:56:32.790Z", "user": 1, "content_type": 10, "object_id": "6", "object_repr": "Producto: Sierra Dedosmenos", "action_flag": 1, "change_message": "[{\"added\": {}}]"}}, {"model": "admin.logentry", "pk": 33, "fields": {"action_time": "2024-05-29T14:57:17.088Z", "user": 1, "content_type": 10, "object_id": "7", "object_repr": "Producto: Casco Amarillo", "action_flag": 1, "change_message": "[{\"added\": {}}]"}}, {"model": "admin.logentry", "pk": 34, "fields": {"action_time": "2024-05-29T18:11:07.676Z", "user": 1, "content_type": 10, "object_id": "8", "object_repr": "Producto: Pintura 3", "action_flag": 1, "change_message": "[{\"added\": {}}]"}}, {"model": "admin.logentry", "pk": 35, "fields": {"action_time": "2024-05-29T18:11:24.741Z", "user": 1, "content_type": 10, "object_id": "9", "object_repr": "Producto: pintura 4", "action_flag": 1, "change_message": "[{\"added\": {}}]"}}, {"model": "admin.logentry", "pk": 36, "fields": {"action_time": "2024-05-29T18:21:09.521Z", "user": 1, "content_type": 10, "object_id": "10", "object_repr": "Producto: Pintura 6", "action_flag": 1, "change_message": "[{\"added\": {}}]"}}, {"model": "admin.logentry", "pk": 37, "fields": {"action_time": "2024-05-29T19:44:09.120Z", "user": 1, "content_type": 10, "object_id": "11", "object_repr": "Producto: Pintura asd", "action_flag": 1, "change_message": "[{\"added\": {}}]"}}, {"model": "admin.logentry", "pk": 38, "fields": {"action_time": "2024-05-29T19:44:20.059Z", "user": 1, "content_type": 10, "object_id": "12", "object_repr": "Producto: Pintura lolazo", "action_flag": 1, "change_message": "[{\"added\": {}}]"}}, {"model": "admin.logentry", "pk": 39, "fields": {"action_time": "2024-05-29T19:44:26.157Z", "user": 1, "content_type": 10, "object_id": "11", "object_repr": "Producto: Pintura asd", "action_flag": 2, "change_message": "[{\"changed\": {\"fields\": [\"Categoria\"]}}]"}}, {"model": "admin.logentry", "pk": 40, "fields": {"action_time": "2024-06-10T20:25:48.786Z", "user": 1, "content_type": 11, "object_id": "1", "object_repr": "Stanley", "action_flag": 1, "change_message": "[{\"added\": {}}]"}}, {"model": "admin.logentry", "pk": 41, "fields": {"action_time": "2024-06-10T20:25:54.379Z", "user": 1, "content_type": 11, "object_id": "2", "object_repr": "CAT", "action_flag": 1, "change_message": "[{\"added\": {}}]"}}, {"model": "admin.logentry", "pk": 42, "fields": {"action_time": "2024-06-10T20:26:19.322Z", "user": 1, "content_type": 11, "object_id": "3", "object_repr": "3M", "action_flag": 1, "change_message": "[{\"added\": {}}]"}}, {"model": "admin.logentry", "pk": 43, "fields": {"action_time": "2024-06-10T20:26:38.927Z", "user": 1, "content_type": 11, "object_id": "4", "object_repr": "Phillips", "action_flag": 1, "change_message": "[{\"added\": {}}]"}}, {"model": "admin.logentry", "pk": 44, "fields": {"action_time": "2024-06-10T20:27:19.644Z", "user": 1, "content_type": 11, "object_id": "5", "object_repr": "Tupper", "action_flag": 1, "change_message": "[{\"added\": {}}]"}}, {"model": "admin.logentry", "pk": 45, "fields": {"action_time": "2024-06-10T20:27:48.428Z", "user": 1, "content_type": 11, "object_id": "6", "object_repr": "OCI", "action_flag": 1, "change_message": "[{\"added\": {}}]"}}, {"model": "admin.logentry", "pk": 46, "fields": {"action_time": "2024-06-10T20:28:05.311Z", "user": 1, "content_type": 10, "object_id": "7", "object_repr": "Producto: Casco Amarillo", "action_flag": 2, "change_message": "[{\"changed\": {\"fields\": [\"Marca\"]}}]"}}, {"model": "admin.logentry", "pk": 47, "fields": {"action_time": "2024-06-10T20:28:08.860Z", "user": 1, "content_type": 10, "object_id": "7", "object_repr": "Producto: Casco Amarillo", "action_flag": 2, "change_message": "[]"}}, {"model": "admin.logentry", "pk": 48, "fields": {"action_time": "2024-06-26T05:25:56.019Z", "user": 1, "content_type": 10, "object_id": "8", "object_repr": "Producto: Pintura 3", "action_flag": 2, "change_message": "[{\"changed\": {\"fields\": [\"Marca\"]}}]"}}, {"model": "admin.logentry", "pk": 49, "fields": {"action_time": "2024-06-26T05:26:04.969Z", "user": 1, "content_type": 10, "object_id": "8", "object_repr": "Producto: Pintura 3", "action_flag": 2, "change_message": "[]"}}, {"model": "admin.logentry", "pk": 50, "fields": {"action_time": "2024-06-26T05:26:21.212Z", "user": 1, "content_type": 11, "object_id": "7", "object_repr": "Pentone", "action_flag": 1, "change_message": "[{\"added\": {}}]"}}, {"model": "admin.logentry", "pk": 51, "fields": {"action_time": "2024-06-26T05:26:30.424Z", "user": 1, "content_type": 10, "object_id": "5", "object_repr": "Producto: Pintura Pentone Azúl", "action_flag": 2, "change_message": "[{\"changed\": {\"fields\": [\"Marca\"]}}]"}}, {"model": "admin.logentry", "pk": 52, "fields": {"action_time": "2024-06-26T05:26:35.477Z", "user": 1, "content_type": 10, "object_id": "3", "object_repr": "Producto: Pintura Pentone Rojo", "action_flag": 2, "change_message": "[{\"changed\": {\"fields\": [\"Marca\"]}}]"}}, {"model": "admin.logentry", "pk": 53, "fields": {"action_time": "2024-06-29T20:46:20.494Z", "user": 1, "content_type": 10, "object_id": "13", "object_repr": "Producto: test", "action_flag": 3, "change_message": ""}}, {"model": "admin.logentry", "pk": 54, "fields": {"action_time": "2024-06-30T00:48:19.051Z", "user": 1, "content_type": 10, "object_id": "15", "object_repr": "Producto: testing", "action_flag": 3, "change_message": ""}}, {"model": "auth.user", "pk": 1, "fields": {"password": "pbkdf2_sha256$600000$FdjWGhJfeZ1kh1xV0YwcBf$PQ3w8YUpjnF7y+kWfI30ZOGXO01JrAmHqZh6q0PE2AU=", "last_login": "2024-07-17T02:59:25.067Z", "is_superuser": true, "username": "admin", "first_name": "", "last_name": "", "email": "admin@mail.com", "is_staff": true, "is_active": true, "date_joined": "2024-05-29T14:44:24.413Z", "groups": [], "user_permissions": []}}, {"model": "auth.user", "pk": 2, "fields": {"password": "pbkdf2_sha256$600000$QK8yNVBboA1FNdGAOTNHjM$twsg+d7znh4vq4VSUNc87LSW7hKDKoLA6E9DlS9cfRk=", "last_login": null, "is_superuser": false, "username": "dani", "first_name": "", "last_name": "", "email": "example@email.com", "is_staff": false, "is_active": true, "date_joined": "2024-05-29T16:22:12.367Z", "groups": [], "user_permissions": []}}, {"model": "auth.user", "pk": 3, "fields": {"password": "pbkdf2_sha256$600000$jGaCEMpyWKIhnA02HGhqCX$0DU1U82zxYaLJJ3IYpsiqxdWoEsPdLKRixMaFndnXVs=", "last_login": null, "is_superuser": false, "username": "jorge", "first_name": "", "last_name": "", "email": "admin@mail.com", "is_staff": false, "is_active": true, "date_joined": "2024-07-01T01:24:01.738Z", "groups": [], "user_permissions": []}}, {"model": "auth.user", "pk": 4, "fields": {"password": "pbkdf2_sha256$600000$Rki4Z3lpGhF30IIJQtHnFC$7ZM8SktJSykUb0FsW9NHzjknIqFx4im/RNtGM/c1xNg=", "last_login": null, "is_superuser": false, "username": "admin2", "first_name": "", "last_name": "", "email": "dsadsa@gfdsgsdg.com", "is_staff": false, "is_active": true, "date_joined": "2024-07-01T02:21:42.544Z", "groups": [], "user_permissions": []}}, {"model": "sessions.session", "pk": "0a9aeemlyoww43agbtrao5pxo8njwwpe", "fields": {"session_data": ".eJxVjEEOwiAQAP-yZ0NggQV79N43ECiLVA1NSnsy_t006UGvM5N5Q4j7VsPeeQ1zhgEUXH5ZitOT2yHyI7b7IqalbeucxJGI03YxLplft7P9G9TYKwxwJdbkvZY5a63QKIWOsVibiChS9Mm7YotKxji0CSWhLkyeszWovYTPF7FVNoo:1sCKYk:lW-WY1AAK9EkJzOs8iaRkioF5jq1uSZKlD3RgErNfMc", "expire_date": "2024-06-12T14:45:46.668Z"}}, {"model": "sessions.session", "pk": "17i0ovgejr9ubdtmpic5g090qvfyk6zr", "fields": {"session_data": ".eJxVjEEOwiAQAP-yZ0NggQV79N43ECiLVA1NSnsy_t006UGvM5N5Q4j7VsPeeQ1zhgEUXH5ZitOT2yHyI7b7IqalbeucxJGI03YxLplft7P9G9TYKwxwJdbkvZY5a63QKIWOsVibiChS9Mm7YotKxji0CSWhLkyeszWovYTPF7FVNoo:1sMLA9:42QXiSt1E68iii0-ilMjd58R84Xsg5GiQbMosMa1sus", "expire_date": "2024-07-10T05:25:45.616Z"}}, {"model": "sessions.session", "pk": "2rg148npie2d74ue9umysny1lq0myx4q", "fields": {"session_data": ".eJxVjEEOwiAQAP-yZ0NggQV79N43ECiLVA1NSnsy_t006UGvM5N5Q4j7VsPeeQ1zhgEUXH5ZitOT2yHyI7b7IqalbeucxJGI03YxLplft7P9G9TYKwxwJdbkvZY5a63QKIWOsVibiChS9Mm7YotKxji0CSWhLkyeszWovYTPF7FVNoo:1sCNhj:UDz-lCzFWcs-IjQ3E5ZCX9UxZpyY3kwP4JW3qxdoeAk", "expire_date": "2024-06-12T18:07:15.943Z"}}, {"model": "sessions.session", "pk": "ateo5u6hu7xbu60rpy86vc2cl48lzvl8", "fields": {"session_data": ".eJxVjEEOwiAQAP-yZ0NggQV79N43ECiLVA1NSnsy_t006UGvM5N5Q4j7VsPeeQ1zhgEUXH5ZitOT2yHyI7b7IqalbeucxJGI03YxLplft7P9G9TYKwxwJdbkvZY5a63QKIWOsVibiChS9Mm7YotKxji0CSWhLkyeszWovYTPF7FVNoo:1sNelA:3Wu7vGo3ZmLO0B2i0l25ErZ8nBq6-hP4qj2VGsXT5Dc", "expire_date": "2024-07-13T20:33:24.696Z"}}, {"model": "sessions.session", "pk": "dc8b171xaf8dnqcb6mpncs69vxnodbyw", "fields": {"session_data": ".eJxVjEEOwiAQAP-yZ0NggQV79N43ECiLVA1NSnsy_t006UGvM5N5Q4j7VsPeeQ1zhgEUXH5ZitOT2yHyI7b7IqalbeucxJGI03YxLplft7P9G9TYKwxwJdbkvZY5a63QKIWOsVibiChS9Mm7YotKxji0CSWhLkyeszWovYTPF7FVNoo:1sTut3:PZ0SZghy_oMuVu31bBfoVTRW3m8aucUJRw-OrAdg1Ys", "expire_date": "2024-07-31T02:59:25.072Z"}}, {"model": "sessions.session", "pk": "enc4zspaklsuixsd3g0q385ajitd15bc", "fields": {"session_data": ".eJxVjEEOwiAQAP-yZ0NggQV79N43ECiLVA1NSnsy_t006UGvM5N5Q4j7VsPeeQ1zhgEUXH5ZitOT2yHyI7b7IqalbeucxJGI03YxLplft7P9G9TYKwxwJdbkvZY5a63QKIWOsVibiChS9Mm7YotKxji0CSWhLkyeszWovYTPF7FVNoo:1sHWOa:xeQpIbi8eMz-LAeDP9hS58lgJ4dkN-q8f1rn4lvcxDU", "expire_date": "2024-06-26T22:24:44.729Z"}}, {"model": "sessions.session", "pk": "mm86fbp6iedeyi3gvymyl7zc8pvsx47u", "fields": {"session_data": ".eJxVjEEOwiAQAP-yZ0NggQV79N43ECiLVA1NSnsy_t006UGvM5N5Q4j7VsPeeQ1zhgEUXH5ZitOT2yHyI7b7IqalbeucxJGI03YxLplft7P9G9TYKwxwJdbkvZY5a63QKIWOsVibiChS9Mm7YotKxji0CSWhLkyeszWovYTPF7FVNoo:1sGlaD:HbhJyd5EXBfhAudBE-pP0YoOZ7P7qhjA57n2Of9hRJ4", "expire_date": "2024-06-24T20:25:37.523Z"}}, {"model": "authtoken.token", "pk": "196ddda5b7835b87e94cb16bea6a1e720d15b9c2", "fields": {"user": 3, "created": "2024-07-01T01:24:01.964Z"}}, {"model": "authtoken.token", "pk": "37f4d544dcd0544174a90c75389248956a6f8c37", "fields": {"user": 4, "created": "2024-07-01T02:21:42.919Z"}}, {"model": "authtoken.token", "pk": "6d726ef7009954fe4fd503971edab576f758cd66", "fields": {"user": 1, "created": "2024-06-21T14:37:43.713Z"}}, {"model": "authtoken.token", "pk": "8fe689e963bc3f5e77f90ff67d2327707dd7987b", "fields": {"user": 2, "created": "2024-05-29T16:22:12.576Z"}}, {"model": "productos.categoria", "pk": 1, "fields": {"nombre": "Herramientas", "categoria_madre": null}}, {"model": "productos.categoria", "pk": 2, "fields": {"nombre": "Herramientas Manuales", "categoria_madre": 1}}, {"model": "productos.categoria", "pk": 3, "fields": {"nombre": "Herramientas Eléctricas", "categoria_madre": 1}}, {"model": "productos.categoria", "pk": 4, "fields": {"nombre": "Martillos", "categoria_madre": 2}}, {"model": "productos.categoria", "pk": 5, "fields": {"nombre": "Desatornilladores", "categoria_madre": 2}}, {"model": "productos.categoria", "pk": 6, "fields": {"nombre": "Llaves", "categoria_madre": 2}}, {"model": "productos.categoria", "pk": 7, "fields": {"nombre": "Taladros", "categoria_madre": 3}}, {"model": "productos.categoria", "pk": 8, "fields": {"nombre": "Sierras", "categoria_madre": 3}}, {"model": "productos.categoria", "pk": 9, "fields": {"nombre": "Lijadoras", "categoria_madre": 3}}, {"model": "productos.categoria", "pk": 10, "fields": {"nombre": "Materiales de Construcción", "categoria_madre": null}}, {"model": "productos.categoria", "pk": 11, "fields": {"nombre": "Materiales Básicos", "categoria_madre": 10}}, {"model": "productos.categoria", "pk": 12, "fields": {"nombre": "Cemento", "categoria_madre": 11}}, {"model": "productos.categoria", "pk": 13, "fields": {"nombre": "Arena", "categoria_madre": 11}}, {"model": "productos.categoria", "pk": 14, "fields": {"nombre": "Ladrillos", "categoria_madre": 11}}, {"model": "productos.categoria", "pk": 15, "fields": {"nombre": "Acabados", "categoria_madre": 10}}, {"model": "productos.categoria", "pk": 16, "fields": {"nombre": "Pinturas", "categoria_madre": 15}}, {"model": "productos.categoria", "pk": 17, "fields": {"nombre": "Barnices", "categoria_madre": 15}}, {"model": "productos.categoria", "pk": 18, "fields": {"nombre": "Cerámicos", "categoria_madre": 15}}, {"model": "productos.categoria", "pk": 19, "fields": {"nombre": "Equipo de Seguridad", "categoria_madre": null}}, {"model": "productos.categoria", "pk": 20, "fields": {"nombre": "Cascos", "categoria_madre": 19}}, {"model": "productos.categoria", "pk": 21, "fields": {"nombre": "Guantes", "categoria_madre": 19}}, {"model": "productos.categoria", "pk": 22, "fields": {"nombre": "Lentes de Seguridad", "categoria_madre": 19}}, {"model": "productos.categoria", "pk": 23, "fields": {"nombre": "Accesorios Varios", "categoria_madre": null}}, {"model": "productos.categoria", "pk": 24, "fields": {"nombre": "Tornillos y Anclajes", "categoria_madre": 23}}, {"model": "productos.categoria", "pk": 25, "fields": {"nombre": "Fijaciones y Adhesivos", "categoria_madre": 23}}, {"model": "productos.categoria", "pk": 26, "fields": {"nombre": "Equipos de Medición", "categoria_madre": 23}}, {"model": "productos.marca", "pk": 1, "fields": {"nombre": "Stanley"}}, {"model": "productos.marca", "pk": 2, "fields": {"nombre": "CAT"}}, {"model": "productos.marca", "pk": 3, "fields": {"nombre": "3M"}}, {"model": "productos.marca", "pk": 4, "fields": {"nombre": "Phillips"}}, {"model": "productos.marca", "pk": 5, "fields": {"nombre": "Tupper"}}, {"model": "productos.marca", "pk": 6, "fields": {"nombre": "OCI"}}, {"model": "productos.marca", "pk": 7, "fields": {"nombre": "Pentone"}}, {"model": "productos.producto", "pk": 1, "fields": {"nombre": "Martillo Standley", "descripcion": "", "precio": "2990.00", "cantidad": 20, "categoria": 4, "marca": null, "destacado": false}}, {"model": "productos.producto", "pk": 2, "fields": {"nombre": "Huincha 5 Metros - 4M", "descripcion": "", "precio": "4950.00", "cantidad": 10, "categoria": 26, "marca": 3, "destacado": true}}, {"model": "productos.producto", "pk": 3, "fields": {"nombre": "Pintura Pentone Rojo", "descripcion": "", "precio": "8990.00", "cantidad": 42, "categoria": 16, "marca": null, "destacado": false}}, {"model": "productos.producto", "pk": 5, "fields": {"nombre": "Pintura Pentone Azúl", "descripcion": "", "precio": "8990.00", "cantidad": 18, "categoria": 16, "marca": null, "destacado": false}}, {"model": "productos.producto", "pk": 6, "fields": {"nombre": "Sierra Dedosmenos", "descripcion": "", "precio": "49990.00", "cantidad": 15, "categoria": 8, "marca": null, "destacado": false}}, {"model": "productos.producto", "pk": 7, "fields": {"nombre": "Casco Amarillo", "descripcion": "", "precio": "3500.00", "cantidad": 32, "categoria": 20, "marca": null, "destacado": false}}, {"model": "productos.producto", "pk": 8, "fields": {"nombre": "Pintura 312", "descripcion": "", "precio": "9000.00", "cantidad": 10, "categoria": 16, "marca": null, "destacado": false}}, {"model": "productos.producto", "pk": 9, "fields": {"nombre": "pintura 4", "descripcion": "", "precio": "9000.00", "cantidad": 10, "categoria": 16, "marca": null, "destacado": false}}, {"model": "productos.producto", "pk": 10, "fields": {"nombre": "Pintura 6", "descripcion": "", "precio": "9000.00", "cantidad": 10, "categoria": 16, "marca": null, "destacado": false}}, {"model": "productos.producto", "pk": 11, "fields": {"nombre": "Pintura asd", "descripcion": "", "precio": "9000.00", "cantidad": 90, "categoria": 16, "marca": null, "destacado": false}}, {"model": "productos.producto", "pk": 12, "fields": {"nombre": "Pintura lolazo", "descripcion": "", "precio": "9000.00", "cantidad": 20, "categoria": 16, "marca": null, "destacado": false}}, {"model": "productos.producto", "pk": 20, "fields": {"nombre": "Bolsa de arena 10kg", "descripcion": "", "precio": "2.00", "cantidad": 1, "categoria": 13, "marca": null, "destacado": false}}, {"model": "productos.producto", "pk": 21, "fields": {"nombre": "Ladrillos de arcilla", "descripcion": "", "precio": "10.00", "cantidad": 10, "categoria": 14, "marca": null, "destacado": false}}, {"model": "productos.producto", "pk": 22, "fields": {"nombre": "Scotch", "descripcion": "", "precio": "2000.00", "cantidad": 300, "categoria": 25, "marca": 1, "destacado": true}}, {"model": "productos.producto", "pk": 23, "fields": {"nombre": "Tornillos x20", "descripcion": "", "precio": "1690.00", "cantidad": 50, "categoria": 24, "marca": null, "destacado": false}}, {"model": "productos.producto", "pk": 24, "fields": {"nombre": "Guantes de seguridad", "descripcion": "", "precio": "5990.00", "cantidad": 20, "categoria": 21, "marca": 2, "destacado": true}}, {"model": "productos.producto", "pk": 25, "fields": {"nombre": "Lentes de Seguridad", "descripcion": "", "precio": "9900.00", "cantidad": 100, "categoria": 22, "marca": null, "destacado": false}}, {"model": "productos.producto", "pk": 26, "fields": {"nombre": "Lijadora Eléctrica", "descripcion": "Una lijadora muy cul", "precio": "9000.00", "cantidad": 5, "categoria": 9, "marca": null, "destacado": false}}, {"model": "productos.producto", "pk": 27, "fields": {"nombre": "Taladro para maderas", "descripcion": "", "precio": "49990.00", "cantidad": 3, "categoria": 7, "marca": null, "destacado": false}}, {"model": "productos.producto", "pk": 28, "fields": {"nombre": "Desatornillador Cruz", "descripcion": "", "precio": "3990.00", "cantidad": 10, "categoria": 5, "marca": null, "destacado": false}}, {"model": "productos.producto", "pk": 29, "fields": {"nombre": "Llave Inglesa", "descripcion": "", "precio": "5000.00", "cantidad": 8, "categoria": 6, "marca": null, "destacado": false}}, {"model": "productos.producto", "pk": 30, "fields": {"nombre": "Cemento 20kg", "descripcion": "", "precio": "25980.00", "cantidad": 12, "categoria": 12, "marca": null, "destacado": false}}, {"model": "productos.producto", "pk": 31, "fields": {"nombre": "Barniz para maderas", "descripcion": "", "precio": "9990.00", "cantidad": 8, "categoria": 17, "marca": null, "destacado": false}}, {"model": "productos.producto", "pk": 32, "fields": {"nombre": "Cerámica patrón ajedrez 1 Un.", "descripcion": "", "precio": "4950.00", "cantidad": 80, "categoria": 18, "marca": null, "destacado": false}}, {"model": "carrito.boleta", "pk": 1, "fields": {"total": 73790, "user": null, "fecha": "2024-07-17T03:29:14.927Z"}}]